freddiekilburn.alpenhorn@gmail.com,7byR-PuvVOEnM
81393.poetry@test.com,jCCcmhKz16U_A
erikedwards.voiceless@box.com,WlNujDfuWbuNM
rhodes@gmail.com,Du9ckY0RjJbEd
joseph@mymail.com,yM5XNwDBbtrne
estellafrantz.longboat@mymail.com,9D-s_uRRaVWGE
denise2forshey@mymail.com,6kVLb1eLY0tZ1
618558@test.com,PKHhvKNyQgxOD
boyd.tradition@ukr.net,dEHvCi3B1kCbU
galan.wingtip@test.com,rmh969swv_CBQ
jerome@test.com,Aw1Rf0.-tKLLh
tamara4taylor.corn@ukr.net,pXACJCLiBR6ox
emmabaker@mail.ua,Oe6TQsBRF7zFV
dorothyferris@ukr.ua,w-6VGp7uXVSyA
shannon1guy.enforce@mail.ua,7GAW-p86ek3Yl
476904@mail.com,NkeyvYfGBGTyl
andrew2gibson.narrow@box.com,QX98zXh1RBtzo
134525.stereotyped@box.com,vgmHL_pK9CZP4
rogers.futon@test.com,BBDchJQoT6k0H
mattie@ukr.ua,NurCbUwugLdnL
michael31@ukr.net,KfL7s7mj9Rrz.
thompson@ukr.net,e_89ygEv8HxOh
301458@mail.ua,CvvqmGob7LJjK
barbaralindsey@gmail.com,rtGG-GNwbQMW5
mathew10langford.pike@mail.ua,HLCgMigbzzCan
barry96@gmail.com,Npjtpv-G4EEdx
phil7taylor@mymail.com,cO6wdqxR5JIbZ
bradley15@test.com,Y9ZJtjmKuH-F-
trinidad3taylor@gmail.com,7tJTKqK3A.xdI
jasminewright@mail.ua,oKhy4.owrRW7G
81680@email.com,n4gqBlma-BNdq
657607@ukr.ua,-9eKd78D3LsQd
392668@test.com,-jk_i1C..3.qo
631204@test.com,IIK4riwkel4c3
marcperez@gmail.com,qsxS.5DQroiz.
joanne50.amenity@gmail.com,Bz5x9rIo84It7
theresa48.replica@mymail.com,a1-_b4Oq9Yj-_
waynemcnicholas@ukr.ua,ZCoQpJwSyYcc7
jeanne82@test.com,KJWLJ5-1CaYlb
tina91.fleece@mail.ua,g3YW26PZID7FG
kennamore@box.com,xK4JDI5dPZniP
richard.limestone@ukr.ua,-qTbcweH_3SwR
brian1tarone@mymail.com,LmBHHYup3d7y3
colton4myers@ukr.ua,-bVZuofFZ2V3K
charlesriojas@gmail.com,ssguPvV0pzUn2
ronald24@mail.com,.0IFbOpVWkesZ
468885@ukr.net,NrARFGcSqHFuZ
ben@mymail.com,hz5zH_G1bjXQn
kowalski@ukr.ua,8AmES.zxvn5rp
kerriehayes@email.com,_90zb2I1eIO2E
katherineweber.subconscious@mymail.com,WGy1rM9sD0yj7
277196.inhibition@mymail.com,Ij8HVjzJxCyrp
jesusa.pseudocode@test.com,017S0I6A1K8SW
sandra4aguilar.headache@ukr.ua,s18qrCwDnuJd7
william1fermin@mymail.com,lSqwmDBcPzDVy
elaine3ross@mail.ua,5y0EznsUGAzjQ
marlene2rawling.shipping@test.com,Z2Vn25781pya2
chad4heron.complicity@box.com,595iS6l0Caasi
mickey0nelson@email.com,BErxVdYp3ydu.
rocha@test.com,_Zw0p0L82HMNZ
carloscarr@mail.com,57tEQsJPBaMi-
kevin.heyday@ukr.net,vOEI-o.ljUwTA
246218@mail.ua,YjfebwXnFNXL2
benjamin7empie.crunch@email.com,waybSxS6p0.gX
latashacampbell@mail.com,qVX6nQCv9HP_v
wendyeigner@mail.ua,D7hDO8j4rL_p_
buckley.amber@mymail.com,LD61xwAmlpCAi
mildred.underneath@email.com,NjdduxbFffXeE
josefasousa@box.com,SMrcoKEiSfFoV
kevinbolden.waterspout@mail.com,N_nWKnJnFly9h
carole.cutting@ukr.ua,.1g7FD7Z7nhlU
handy.forehead@test.com,xQ2w7eJcnxWXZ
jeffrey6fisher@mail.ua,GJfP.Go.89IcE
lawrenceslater@gmail.com,F_n5.vfkzlN2i
virginia@box.com,9ACBmuekcG4Ez
cora@ukr.net,G.n14G25senz7
velez@email.com,_9juCKxvDWB.F
41175.motorboat@gmail.com,1HEXkQjxNBYep
powell.sibling@ukr.ua,k3so3Puz4GxI3
kurz.rowboat@mail.com,r39biW91hskGW
james10etherington@test.com,HsJ_pL6F6OLMO
406200.sidestream@mail.ua,yyJuiao1NRcvk
nancy1fitzgerald@box.com,RHLscyUDQaae7
jorge89@box.com,grAJyOSiedeaP
patricia73.matter@test.com,bSqxpFfaGhtSu
janetwilliams@mail.ua,BtOhOGF3pKmpQ
castro.role@mymail.com,jE92WNKU9xjHc
george@mail.ua,i8FCpo.3ggYnK
jennifer@ukr.net,vbGd1i4XojNKp
esther@mymail.com,Cr-CRxovppf2I
avila@test.com,larIhtG-AXtbu
joanne82.savage@mail.ua,.4bGqMtUmvclC
874341@box.com,.2h5-QVZLBB-b
olga@mail.com,VVp.W.Gcq5jX_
kennethmargulis.smiling@mail.com,8_Glo_dnQ3hdr
lauriepaulseth@ukr.ua,KCm1F4ZlqJlaY
david3@mymail.com,WD5jz.Z8QlERg
sheilatarantino.today@mail.ua,Fo68S1sO8bhSi
429923@mymail.com,yZ9Ign1E07.KV
dickerson.respite@ukr.ua,auUJBDl9_Dioe
605937@mail.com,jX.4iZwIu4HPO
graves@email.com,qPdfNB-zOhOeH
julio15@mail.ua,t7pMUy3alHeUl
keitsock@mymail.com,c0GWf9HZory9-
jose2sorensen@gmail.com,5Mk8gte5pLmIF
nicholas4yahna@ukr.net,1we48xZY0BDgZ
robertreeves@mail.com,yZhrFtvwMwq-R
joanneadams@gmail.com,L6JELbRoreTeO
couture@mail.com,hqAKlyKTzwZ3J
862750@test.com,iDNjnPZJ5QtRG
charleslewis.beech@test.com,4RxdtYZnVXDF0
neff@ukr.ua,wWNEpkUwhdgLY
linda8petko.vol@mail.ua,i6oCtgcH-T8VS
michael0hart@mail.ua,DeAzyv4Ai7UPG
933277.gap@box.com,dIsIe_aZ6HV4_
grace8@ukr.ua,dkbXZOTQ6TGvD
847201@email.com,aHzXNoTCFEnYR
gregoriolee@mail.com,V1w-Jjk1haWO6
aiken@mail.com,MPYe5SRqWdbBi
janeadams.nightgown@mail.ua,RoiyP9dIrN09O
candace@email.com,XQR7U58LeRqxw
william10stoltz@test.com,vxxX562_NBmaP
michael@test.com,c123yRzsI23jf
morris@ukr.ua,WU3SKdgvcW_EE
brandirivera.juggle@box.com,Ji2ttEzMId.pn
jack3rutland@box.com,kL1Xxmr6fdG6G
russell@ukr.net,vaskG1BmNqDBo
cathy84.salesman@mail.ua,ReTxno2vw0dPr
labonte.pressurisation@mail.ua,kDk0R-QhPOlcl
connie9mills@ukr.ua,YNq2rsZI7LbNb
anthonyfernandez.lobby@ukr.net,OVhMkzwrsZeka
ericagullixson@gmail.com,yVDQ5aTJo3AbX
bruceatkinson@mail.ua,6t6wFOF226aCx
pemberton@gmail.com,83SmV2cjz8Zro
marvin5jaji.keeper@box.com,BEqrYs_EylQID
jake9hines.bagpipe@test.com,APJXJBSWnxPwK
alejandro17@mymail.com,Xb5OzmgDlp7RD
lynd.cartoon@test.com,aUUsKDtIW42H_
salvadorlowery.glimpse@test.com,uuUHfNwq9RNc9
willie48.catacomb@email.com,1N-B8V4L4_19.
shah.hissing@mail.ua,k5-bMq1dcD928
jamesmetters@ukr.net,WGeYqU2zrBVFS
villanueva@gmail.com,usud_7VMQnzyW
858579@mail.ua,iOezDATmUfU6y
scottgallegas.hammock@ukr.net,4igbh55IubjBt
cherylfleming@test.com,YztTuTu8s45nL
velmaeady@box.com,j8fWdQdkF2PKw
andrea2wolfe@mymail.com,rfoX_5RyXu_jN
ida3schmitt.savory@mail.ua,qQLaYd0UzGhHM
samantha43.prosecution@gmail.com,LMMYte0JDpQp1
deborahengles@mail.com,URtewvt.xC4qe
johnholland.headquarters@mail.com,7mscaIetjsPzb
salvador59@mail.com,QMMAACtYT2OIw
ford@ukr.ua,yOdpI5MeRMJwl
rebecca13@ukr.ua,q5M3BXGc6mrnl
cancilla@mail.com,-OfAEENo2IO49
jennifer48@ukr.net,Hs5A8ni1AIWvK
kelly3ryan@ukr.ua,AZ-sUNyv-IeNX
dorothylee@mail.ua,16-qyChVV2kuA
ellen6duffy@ukr.ua,bdXn8UW1gjuDV
vanessa8.scooter@ukr.net,.x7BwvdaazLpR
nelly3potter@ukr.net,qZMvK9dmZRtUc
oscarwilburn@mail.ua,B5N9lox.p-zcg
hughflowers.soda@test.com,QVgXmpZZWg5aR
frankanderson.machine@mail.com,.Y87yJ1ksBxtg
hayden@test.com,X2CxMoiJIGBVN
lala@box.com,oTOEjI.2Nl79P
john22@box.com,rTXkPJrpKfNB_
mahalia97.campanile@email.com,bl1CFTVqZOF7W
jody46.blue-eyed@ukr.ua,mSPHYYtDOiNz0
kyle69@ukr.ua,2I0Ehb5xEG81A
charles3@ukr.ua,Wu5RnDlgpVX9-
parker@mail.ua,RdbqKj5vw3RuS
monica83@mail.ua,hUfRq6tgXvSkv
esqueda.find@mail.com,1ooIh2MTNvi1_
jonathon@mail.com,m2.b1xgPY.96L
mary.foamy@email.com,7nQACr5yDE12K
albertbrown@gmail.com,v8o3K89XX3V3E
michael@ukr.ua,-UuQSLRBVVhV3
rachel@mymail.com,Enpd_2tpj-Quo
steven87.lake@ukr.net,MrFsQ_3GCSe7t
249687@email.com,d7sH1FJdZjxZ7
mary1sutherland@box.com,nmrWv5EqnFNBn
john.saint@mymail.com,rjsPh0D2pPRTN
matthew@ukr.net,.b_IxJL-_yqV6
johnnieknight@gmail.com,zzWHK3Pf8Zjyl
roseehrisman@mymail.com,tJHWUJrvRT1Y-
lash@mail.com,cxF6.R25Fw.q0
thomassteib.step-father@gmail.com,7NQ09Q1tDFbnU
zackary7brown@ukr.ua,4tEfHFdAJf7PP
taunya6belcher.rocket@ukr.net,J2nPPFopbZ3rd
william8fergerson@ukr.net,BBTRJk9iNdSkQ
stephaniebabb.colorful@test.com,.DLbtNRRWREZI
mcpherson.yoga@mail.ua,oY.DxmYKmNeN1
willa0crumley.carotene@mail.ua,EpM.qX-71zzcf
jamiewashington@gmail.com,Cm4OvD4zC8g3g
anniepippins.hornet@mail.ua,Lfi0QllzeyNkF
290886.cyst@ukr.net,bqRDEqP2MqPsQ
dalton.checkbook@email.com,Y1-clBu_W6AvR
mary@ukr.ua,ORla7-Bo-QIw-
